Text,Category
Nasi Goreng,Food
Sate Ayam,Food
Gado-Gado,Food
Rendang,Food
Ayam Goreng,Food
Bakso,Food
Soto Ayam,Food
Nasi Uduk,Food
Mie Goreng,Food
Pecel Lele,Food
Ketoprak,Food
Tempeh,Food
Tahu Goreng,Food
Lontong Sayur,Food
Ayam Penyet,Food
Nasi Padang,Food
Sambal Terasi,Food
Babi Guling,Food
Bebek Goreng,Food
Sop Buntut,Food
Sate Kambing,Food
Nasi Liwet,Food
Gudeg,Food
Rawon,Food
Tengkleng,Food
Babi Panggang,Food
Sate Maranggi,Food
Sop Konro,Food
Ikan Bakar,Food
Sate Lilit,Food
Coto Makassar,Food
Bubur Ayam,Food
Pempek,Food
Sayur Asem,Food
Soto Betawi,Food
Asinan Betawi,Food
Tongseng,Food
Balado,Food
Pepes Ikan,Food
Ayam Betutu,Food
Karedok,Food
Martabak Manis,Food
Martabak Telur,Food
Otak-Otak,Food
Lontong Balap,Food
Serabi,Food
Rujak Cingur,Food
Mie Aceh,Food
Tahu Gejrot,Food
Es Campur,Food
Es Teler,Food
Es Cendol,Food
Kue Cubit,Food
Kue Lumpur,Food
Kue Putu,Food
Klepon,Food
Risoles,Food
Pastel,Food
Lemper,Food
Onde-Onde,Food
Bolu Kukus,Food
Pisang Goreng,Food
Lapis Legit,Food
Nasi Kuning,Food
Sambal Matah,Food
Sambal Bajak,Food
Dadar Gulung,Food
Getuk,Food
Bika Ambon,Food
Kerak Telor,Food
Bumbu Pecel,Food
Arem-Arem,Food
Bakmi Jawa,Food
Kue Pancong,Food
Kue Ape,Food
Tiwul,Food
Roti Bakar,Food
Bubur Sumsum,Food
Bubur Kacang Hijau,Food
Kolak,Food
Sate Padang,Food
Sate Taichan,Food
Mie Kocok,Food
Empal Gentong,Food
Nasi Timbel,Food
Tahu Sumedang,Food
Batagor,Food
Siomay,Food
Mie Bangka,Food
Lempok Durian,Food
Srikaya Palembang,Food
Ayam Pop,Food
Singkong Keju,Food
Tiwul Ayu,Food
Pindang Patin,Food
Pindang Serani,Food
Tekwan,Food
Sate Madura,Food
Ayam Rica-Rica,Food
Ikan Asin,Food
Roti,Food
Nasi,Food
Ayam,Food
Ikan,Food
Daging Sapi,Food
Daging Babi,Food
Telur,Food
Keju,Food
Susu,Food
Mentega,Food
Pasta,Food
Pizza,Food
Hamburger,Food
Sandwich,Food
Salad,Food
Sup,Food
Kentang Goreng,Food
Roti Bakar,Food
Pancake,Food
Wafel,Food
Cokelat,Food
Es Krim,Food
Kue,Food
Biskuit,Food
Puding,Food
Yogurt,Food
Buah Apel,Food
Pisang,Food
Jeruk,Food
Anggur,Food
Melon,Food
Semangka,Food
Mangga,Food
Nanas,Food
Stroberi,Food
Tomat,Food
Wortel,Food
Brokoli,Food
Bayam,Food
Selada,Food
Jagung,Food
Kacang Hijau,Food
Kacang Merah,Food
Kacang Kedelai,Food
Jamur,Food
Bawang Putih,Food
Bawang Merah,Food
Jahe,Food
Lada Hitam,Food
Garam,Food
Gula,Food
Madu,Food
Selai Kacang,Food
Saus Tomat,Food
Mayones,Food
Mustard,Food
Cuka,Food
Minyak Zaitun,Food
Minyak Kelapa,Food
Minyak Wijen,Food
Teh,Food
Kopi,Food
Jus Jeruk,Food
Air Kelapa,Food
Bir,Food
Anggur Merah,Food
Anggur Putih,Food
Sate,Food
Sushi,Food
Sashimi,Food
Tacos,Food
Burritos,Food
Nachos,Food
Falafel,Food
Hummus,Food
Paella,Food
Tapas,Food
Ratatouille,Food
Lasagna,Food
Spaghetti,Food
Tiramisu,Food
Croissant,Food
Bagel,Food
Donat,Food
Muffin,Food
Sereal,Food
Popcorn,Food
Nasi Goreng,Food
Mie Goreng,Food
Tempura,Food
Kimchi,Food
Bibimbap,Food
Pho,Food
Gyoza,Food
Dim Sum,Food
Spring Roll,Food
Lumpia,Food
Kari,Food
Naan,Food
Roti Canai,Food
Baju,Clothing
Kemeja,Clothing
Kaos,Clothing
Celana,Clothing
Celana Panjang,Clothing
Celana Pendek,Clothing
Rok,Clothing
Dress,Clothing
Gaun,Clothing
Jas,Clothing
Blazer,Clothing
Jaket,Clothing
Sweater,Clothing
Kardigan,Clothing
Hoodie,Clothing
Mantel,Clothing
Rompi,Clothing
Pakaian Dalam,Clothing
Bra,Clothing
Celana Dalam,Clothing
Kaus Kaki,Clothing
Stoking,Clothing
Sepatu,Clothing
Sandal,Clothing
Sepatu Bot,Clothing
Sepatu Olahraga,Clothing
Topi,Clothing
Topi Bisbol,Clothing
Kupluk,Clothing
Syall,Clothing
Selendang,Clothing
Sarung Tangan,Clothing
Sabuk,Clothing
Dasi,Clothing
Dasi Kupu-Kupu,Clothing
Kacamata,Clothing
Kacamata Hitam,Clothing
Kacamata Baca,Clothing
Piyama,Clothing
Baju Tidur,Clothing
Kimono,Clothing
Baju Renang,Clothing
Celana Renang,Clothing
Bikini,Clothing
Pakaian Dalam Termal,Clothing
Jas Hujan,Clothing
Baju Pelindung,Clothing
Baju Seragam,Clothing
Baju Kerja,Clothing
Baju Formal,Clothing
Blus,Clothing
Kebaya,Clothing
Batik,Clothing
Sarung,Clothing
Setelan,Clothing
Jumpsuit,Clothing
Overall,Clothing
Legging,Clothing
Jogger,Clothing
Chino,Clothing
Celana Cargo,Clothing
Celana Jeans,Clothing
Celana Kulot,Clothing
Celana Capri,Clothing
Celana High-Waist,Clothing
Rok Mini,Clothing
Rok Maxi,Clothing
Rok Midi,Clothing
Rok Lipit,Clothing
Rok Span,Clothing
Rok Tutu,Clothing
Dress Terusan,Clothing
Dress A-line,Clothing
Dress Shift,Clothing
Dress Maxi,Clothing
Dress Cocktail,Clothing
Dress Bodycon,Clothing
Dress Peplum,Clothing
Blus Peasant,Clothing
Blus Tunik,Clothing
Baju Crop,Clothing
Atasan Off-shoulder,Clothing
Atasan Halter,Clothing
Atasan Tank,Clothing
Kemeja Flanel,Clothing
Kemeja Polo,Clothing
Kemeja Formal,Clothing
Kemeja Kasual,Clothing
Jaket Denim,Clothing
Jaket Kulit,Clothing
Jaket Bomber,Clothing
Jaket Varsity,Clothing
Sweater Rajut,Clothing
Sweater Crewneck,Clothing
Sweater Turtleneck,Clothing
Sweater V-neck,Clothing
Baju Olahraga,Clothing
Setelan Training,Clothing
Seragam Sekolah,Clothing
Baju Pengantin,Clothing
